id;nom;prenom;adresse
1;West Virginia Cotton;Bangladesh;indexing
2;programming;transmit;motivating Points
3;Cotton;Beauty input;infrastructure
4;Grocery;Facilitator;online Secured
5;bluetooth FTP Dale;Mississippi eco-centric;Shirt Montana Internal
6;Handmade Cotton Hat Generic;Money Market Account Regional;Metical
7;impactful Administrator;cross-media Universal;copying
8;Interactions Organic;plug-and-play;Handcrafted
9;Refined;implement Massachusetts;navigate Tasty Fresh Bike
10;e-tailers;quantify Extended;Designer
